{"d":"d","E":"ccc","EEEE":"cccc","LLL":"LLL","LLLL":"LLLL","M":"L","Md":"d/M","MEd":"EEE፣ d/M","MMM":"LLL","MMMd":"MMM d","MMMEd":"EEE፣ MMM d","MMMM":"LLLL","MMMMd":"MMMM d","MMMMEEEEd":"EEEE፣ MMMM d","QQQ":"QQQ","QQQQ":"QQQQ","y":"y","yM":"M/y","yMd":"d/M/y","yMEd":"EEE፣ d/M/y","yMMM":"MMM y","yMMMd":"MMM d y","yMMMEd":"EEE፣ MMM d y","yMMMM":"MMMM y","yMMMMd":"d MMMM y","yMMMMEEEEd":"EEEE d MMMM y","yQQQ":"y QQQ","yQQQQ":"y QQQQ","H":"H","Hm":"HH:mm","Hms":"HH:mm:ss","j":"a h","jm":"a h:mm","jms":"a h:mm:ss","jmv":"h:mm a v","jmz":"h:mm a z","jz":"a h z","m":"m","ms":"mm:ss","s":"s","v":"v","z":"z","zzzz":"zzzz","ZZZZ":"ZZZZ"}