{"d":"d.","E":"ccc","EEEE":"cccc","LLL":"MMM","LLLL":"MMMM","M":"M","Md":"d.M","MEd":"EEE d.M","MMM":"MMM","MMMd":"d. MMM","MMMEd":"EEE d. MMM","MMMM":"MMMM","MMMMd":"d. MMMM","MMMMEEEEd":"EEEE d. MMMM","QQQ":"QQQ","QQQQ":"QQQQ","y":"y","yM":"M.y","yMd":"d.M.y","yMEd":"EEE d.M.y","yMMM":"MMM y","yMMMd":"d. MMM y","yMMMEd":"EEE d. MMM y","yMMMM":"MMMM y","yMMMMd":"d. MMMM y","yMMMMEEEEd":"EEEE 'den' d. MMMM y","yQQQ":"QQQ y","yQQQQ":"QQQQ y","H":"HH","Hm":"HH.mm","Hms":"HH.mm.ss","j":"HH","jm":"HH.mm","jms":"HH.mm.ss","jmv":"HH.mm v","jmz":"HH.mm z","jz":"HH z","m":"m","ms":"mm.ss","s":"s","v":"v","z":"z","zzzz":"zzzz","ZZZZ":"ZZZZ"}