{"d":"d","E":"ccc","EEEE":"cccc","LLL":"LLL","LLLL":"LLLL","M":"L","Md":"M/d","MEd":"EEE M/d","MMM":"LLL","MMMd":"d LLL","MMMEd":"EEE d LLL","MMMM":"LLLL","MMMMd":"d LLLL","MMMMEEEEd":"EEEE d LLLL","QQQ":"QQQ","QQQQ":"QQQQ","y":"y","yM":"y/M","yMd":"y/M/d","yMEd":"EEE y/M/d","yMMM":"MMM y","yMMMd":"d MMM y","yMMMEd":"EEE d MMM y","yMMMM":"MMMM y","yMMMMd":"d MMMM y","yMMMMEEEEd":"EEEE d MMMM y","yQQQ":"QQQQ y","yQQQQ":"QQQQ y","H":"H","Hm":"H:mm","Hms":"H:mm:ss","j":"H","jm":"H:mm","jms":"H:mm:ss","jmv":"H:mm v","jmz":"HH:mm (z)","jz":"H (z)","m":"m","ms":"m:ss","s":"s","v":"v","z":"z","zzzz":"zzzz","ZZZZ":"ZZZZ"}