{"d":"d","E":"ccc","EEEE":"cccc","LLL":"LLL","LLLL":"LLLL","M":"L","Md":"d.M.","MEd":"EEE d.M.","MMM":"LLL","MMMd":"d.M.","MMMEd":"ccc d.M.","MMMM":"LLLL","MMMMd":"d. MMMM","MMMMEEEEd":"cccc d. MMMM","QQQ":"QQQ","QQQQ":"QQQQ","y":"y","yM":"L.y","yMd":"d.M.y","yMEd":"EEE d.M.y","yMMM":"LLL y","yMMMd":"d.M.y","yMMMEd":"EEE d.M.y","yMMMM":"LLLL y","yMMMMd":"d. MMMM y","yMMMMEEEEd":"EEEE d. MMMM y","yQQQ":"QQQ y","yQQQQ":"QQQQ y","H":"H","Hm":"H.mm","Hms":"H.mm.ss","j":"H","jm":"H.mm","jms":"H.mm.ss","jmv":"H.mm v","jmz":"H.mm z","jz":"H z","m":"m","ms":"m.ss","s":"s","v":"v","z":"z","zzzz":"zzzz","ZZZZ":"ZZZZ"}