{"d":"d","E":"ccc","EEEE":"cccc","LLL":"LLL","LLLL":"LLLL","M":"L","Md":"d/M","MEd":"EEE d/M","MMM":"LLL","MMMd":"d MMM","MMMEd":"EEE d MMM","MMMM":"LLLL","MMMMd":"d 'di' MMMM","MMMMEEEEd":"EEEE d MMMM","QQQ":"QQQ","QQQQ":"QQQQ","y":"y","yM":"M/y","yMd":"y-MM-dd","yMEd":"EEE, d/M/y","yMMM":"MMM y","yMMMd":"y MMM d","yMMMEd":"EEE d MMM y","yMMMM":"LLLL 'dal' y","yMMMMd":"d 'di' MMMM 'dal' y","yMMMMEEEEd":"EEEE d 'di' MMMM 'dal' y","yQQQ":"QQQ y","yQQQQ":"QQQQ y","H":"HH","Hm":"H:mm","Hms":"HH:mm:ss","j":"HH","jm":"H:mm","jms":"HH:mm:ss","jmv":"HH:mm v","jmz":"HH:mm z","jz":"HH z","m":"m","ms":"mm:ss","s":"s","v":"v","z":"z","zzzz":"zzzz","ZZZZ":"ZZZZ"}