{"d":"d","E":"ccc","EEEE":"cccc","LLL":"LLL","LLLL":"LLLL","M":"L","Md":"d.M.","MEd":"EEE, d.M.","MMM":"LLL","MMMd":"d. MMM","MMMEd":"EEE d. MMM","MMMM":"LLLL","MMMMd":"d. MMMM","MMMMEEEEd":"EEEE d. MMMM","QQQ":"QQQ","QQQQ":"QQQQ","y":"y","yM":"y-M","yMd":"y-MM-dd","yMEd":"EEE, y-M-d","yMMM":"MMM y","yMMMd":"y MMM d","yMMMEd":"EEE, d. MMM y","yMMMM":"MMMM y","yMMMMd":"d. MMMM y","yMMMMEEEEd":"EEEE, d. MMMM y","yQQQ":"QQQ y","yQQQQ":"QQQQ y","H":"H","Hm":"HH:mm","Hms":"HH:mm:ss","j":"H","jm":"HH:mm","jms":"HH:mm:ss","jmv":"HH:mm v","jmz":"HH:mm z","jz":"H z","m":"m","ms":"mm:ss","s":"s","v":"v","z":"z","zzzz":"zzzz","ZZZZ":"ZZZZ"}