{"d":"d","E":"ccc","EEEE":"cccc","LLL":"LLL","LLLL":"LLLL","M":"L","Md":"dd.MM","MEd":"dd.MM, EEE","MMM":"LLL","MMMd":"d MMM","MMMEd":"d MMM, EEE","MMMM":"LLLL","MMMMd":"d MMMM","MMMMEEEEd":"d MMMM, EEEE","QQQ":"QQQ","QQQQ":"QQQQ","y":"y","yM":"MM.y","yMd":"dd.MM.y","yMEd":"d.MM.y թ., EEE","yMMM":"y թ. LLL","yMMMd":"d MMM, y թ.","yMMMEd":"y թ. MMM d, EEE","yMMMM":"y թ․ LLLL","yMMMMd":"d MMMM, y թ.","yMMMMEEEEd":"y թ. MMMM d, EEEE","yQQQ":"y թ. QQQ","yQQQQ":"y թ. QQQQ","H":"H","Hm":"H:mm","Hms":"H:mm:ss","j":"H","jm":"H:mm","jms":"H:mm:ss","jmv":"HH:mm v","jmz":"HH:mm z","jz":"H z","m":"m","ms":"mm:ss","s":"s","v":"v","z":"z","zzzz":"zzzz","ZZZZ":"ZZZZ"}