{"d":"d","E":"ccc","EEEE":"cccc","LLL":"LLL","LLLL":"LLLL","M":"L","Md":"dd.MM","MEd":"dd.MM, EEE","MMM":"LLL","MMMd":"d MMM","MMMEd":"d MMM, EEE","MMMM":"LLLL","MMMMd":"d MMMM","MMMMEEEEd":"d MMMM, EEEE","QQQ":"QQQ","QQQQ":"QQQQ","y":"y","yM":"MM.y","yMd":"dd.MM.y","yMEd":"dd.MM.y, EEE","yMMM":"y 'ж'. MMM","yMMMd":"y 'ж'. d MMM","yMMMEd":"y 'ж'. d MMM, EEE","yMMMM":"y 'ж'. MMMM","yMMMMd":"y 'ж'. d MMMM","yMMMMEEEEd":"y 'ж'. d MMMM, EEEE","yQQQ":"y 'ж'. QQQ","yQQQQ":"y 'ж'. QQQQ","H":"HH","Hm":"HH:mm","Hms":"HH:mm:ss","j":"HH","jm":"HH:mm","jms":"HH:mm:ss","jmv":"HH:mm v","jmz":"HH:mm z","jz":"HH z","m":"m","ms":"mm:ss","s":"s","v":"v","z":"z","zzzz":"zzzz","ZZZZ":"ZZZZ"}