{"d":"d","E":"ccc","EEEE":"cccc","LLL":"LLL","LLLL":"LLLL","M":"L","Md":"d/M","MEd":"d/M, EEE","MMM":"LLL","MMMd":"d MMM","MMMEd":"EEE, d MMM","MMMM":"LLLL","MMMMd":"d MMMM","MMMMEEEEd":"EEEE, d MMMM","QQQ":"QQQ","QQQQ":"QQQQ","y":"y","yM":"M/y","yMd":"d/M/y","yMEd":"EEE, M/d/y","yMMM":"MMM y","yMMMd":"MMM d,y","yMMMEd":"EEE, MMM d, y","yMMMM":"MMMM y","yMMMMd":"MMMM d, y","yMMMMEEEEd":"EEEE, MMMM d, y","yQQQ":"QQQ y","yQQQQ":"QQQQ y","H":"HH","Hm":"HH:mm","Hms":"HH:mm:ss","j":"h a","jm":"h:mm a","jms":"h:mm:ss a","jmv":"h:mm a v","jmz":"h:mm a z","jz":"h a z","m":"m","ms":"mm:ss","s":"s","v":"v","z":"z","zzzz":"zzzz","ZZZZ":"ZZZZ"}