{"d":"d","E":"ccc","EEEE":"cccc","LLL":"LLL","LLLL":"LLLL","M":"L","Md":"dd.MM.","MEd":"EEE, dd.MM.","MMM":"LLL","MMMd":"d. MMM","MMMEd":"EEE, d. MMM","MMMM":"LLLL","MMMMd":"d. MMMM","MMMMEEEEd":"EEEE, d. MMMM","QQQ":"QQQ","QQQQ":"QQQQ","y":"y. 'g'.","yM":"MM.y.","yMd":"d.MM.y.","yMEd":"EEE, d.MM.y.","yMMM":"y. 'g'. MMM","yMMMd":"y. 'g'. d. MMM","yMMMEd":"EEE, y. 'g'. d. MMM","yMMMM":"y. 'g'. MMMM","yMMMMd":"y. 'gada' d. MMMM","yMMMMEEEEd":"EEEE, y. 'gada' d. MMMM","yQQQ":"y. 'g'. QQQ","yQQQQ":"y. 'g'. QQQQ","H":"HH","Hm":"HH:mm","Hms":"HH:mm:ss","j":"HH","jm":"HH:mm","jms":"HH:mm:ss","jmv":"HH:mm v","jmz":"HH:mm z","jz":"HH z","m":"m","ms":"mm:ss","s":"s","v":"v","z":"z","zzzz":"zzzz","ZZZZ":"ZZZZ"}