{"d":"d","E":"ccc","EEEE":"cccc","LLL":"LLL","LLLL":"LLLL","M":"L","Md":"d.M","MEd":"EEE, d.M","MMM":"LLL","MMMd":"d MMM","MMMEd":"EEE, d MMM","MMMM":"LLLL","MMMMd":"d MMMM","MMMMEEEEd":"EEEE, d MMMM","QQQ":"QQQ","QQQQ":"QQQQ","y":"y 'г'.","yM":"M.y 'г'.","yMd":"d.M.y 'г'.","yMEd":"EEE, d.M.y 'г'.","yMMM":"MMM y 'г'.","yMMMd":"d MMM y 'г'.","yMMMEd":"EEE, d MMM y 'г'.","yMMMM":"MMMM y 'г'.","yMMMMd":"d MMMM y 'г'.","yMMMMEEEEd":"EEEE, d MMMM y 'г'.","yQQQ":"QQQ y 'г'.","yQQQQ":"QQQQ y 'г'.","H":"HH","Hm":"HH:mm","Hms":"HH:mm:ss","j":"HH","jm":"HH:mm","jms":"HH:mm:ss","jmv":"HH:mm v","jmz":"HH:mm z","jz":"HH z","m":"m","ms":"mm:ss","s":"s","v":"v","z":"z","zzzz":"zzzz","ZZZZ":"ZZZZ"}