{"d":"d","E":"ccc","EEEE":"cccc","LLL":"LLL","LLLL":"LLLL","M":"LLLLL","Md":"MMMMM/dd","MEd":"MMMMM/dd. EEE","MMM":"LLL","MMMd":"MMM'ын' d","MMMEd":"MMM'ын' d. EEE","MMMM":"LLLL","MMMMd":"MMMM'ын' d","MMMMEEEEd":"MMMM'ын' d. EEEE","QQQ":"QQQ","QQQQ":"QQQQ","y":"y","yM":"y MMMMM","yMd":"y.MM.dd","yMEd":"y.MM.dd. EEE","yMMM":"y 'оны' MMM","yMMMd":"y 'оны' MMM'ын' d","yMMMEd":"y 'оны' MMM'ын' d. EEE","yMMMM":"y 'оны' MMMM","yMMMMd":"y 'оны' MMMM'ын' d","yMMMMEEEEd":"y 'оны' MMMM'ын' d, EEEE 'гараг'","yQQQ":"y 'оны' QQQ","yQQQQ":"y 'оны' QQQQ","H":"HH 'ц'","Hm":"HH:mm","Hms":"HH:mm:ss","j":"HH 'ц'","jm":"HH:mm","jms":"HH:mm:ss","jmv":"HH:mm (v)","jmz":"HH:mm (z)","jz":"HH 'ц' (z)","m":"m","ms":"mm:ss","s":"s","v":"v","z":"z","zzzz":"zzzz","ZZZZ":"ZZZZ"}