{"d":"d","E":"ccc","EEEE":"cccc","LLL":"LLL","LLLL":"LLLL","M":"L","Md":"d/M","MEd":"d/M EEE","MMM":"LLL","MMMd":"MMM d","MMMEd":"MMM d EEE","MMMM":"LLLL","MMMMd":"MMMM d","MMMMEEEEd":"MMMM d EEEE","QQQ":"QQQ","QQQQ":"QQQQ","y":"y","yM":"y-MM","yMd":"d/M/y","yMEd":"d/M/y EEE","yMMM":"y MMM","yMMMd":"y MMM d","yMMMEd":"y MMM d EEE","yMMMM":"y MMMM","yMMMMd":"y MMMM d","yMMMMEEEEd":"y MMMM d EEEE","yQQQ":"y QQQ","yQQQQ":"y QQQQ","H":"HH","Hm":"HH:mm","Hms":"HH:mm:ss","j":"HH","jm":"HH:mm","jms":"HH:mm:ss","jmv":"v HH:mm","jmz":"z HH:mm","jz":"z HH","m":"m","ms":"mm:ss","s":"s","v":"v","z":"z","zzzz":"zzzz","ZZZZ":"ZZZZ"}