{"d":"d","E":"ccc","EEEE":"cccc","LLL":"LLL","LLLL":"LLLL","M":"L","Md":"MM-dd","MEd":"MM-dd, EEE","MMM":"LLL","MMMd":"MMM d","MMMEd":"EEE, MMM d","MMMM":"LLLL","MMMMd":"MMMM d","MMMMEEEEd":"EEEE, MMMM d","QQQ":"QQQ","QQQQ":"QQQQ","y":"y","yM":"y-MM","yMd":"y-MM-dd","yMEd":"y-MM-dd, EEE","yMMM":"y MMM","yMMMd":"y MMM d","yMMMEd":"y MMM d, EEE","yMMMM":"y MMMM","yMMMMd":"y MMMM d","yMMMMEEEEd":"EEEE د y د MMMM d","yQQQ":"y QQQ","yQQQQ":"y QQQQ","H":"HH","Hm":"HH:mm","Hms":"HH:mm:ss","j":"HH","jm":"HH:mm","jms":"HH:mm:ss","jmv":"HH:mm v","jmz":"HH:mm z","jz":"HH z","m":"m","ms":"mm:ss","s":"s","v":"v","z":"z","zzzz":"zzzz","ZZZZ":"ZZZZ"}