{"d":"d","E":"ccc","EEEE":"cccc","LLL":"LLL","LLLL":"LLLL","M":"L","Md":"d/M","MEd":"dd-MM, EEE","MMM":"LLL","MMMd":"d MMM","MMMEd":"MMM d, EEE","MMMM":"LLLL","MMMMd":"d MMMM","MMMMEEEEd":"MMMM d, EEEE","QQQ":"QQQ","QQQQ":"QQQQ","y":"y","yM":"M/y","yMd":"d/M/y","yMEd":"EEE, d/M/y","yMMM":"MMM y","yMMMd":"d MMM, y","yMMMEd":"EEE, d MMM, y","yMMMM":"MMMM y","yMMMMd":"d MMMM, y","yMMMMEEEEd":"EEEE, d MMMM, y","yQQQ":"QQQ y","yQQQQ":"QQQQ y","H":"HH","Hm":"HH:mm","Hms":"HH:mm:ss","j":"h a","jm":"h:mm a","jms":"h:mm:ss a","jmv":"h:mm a v","jmz":"h:mm a z","jz":"h a z","m":"m","ms":"mm:ss","s":"s","v":"v","z":"z","zzzz":"zzzz","ZZZZ":"ZZZZ"}