{"d":"d","E":"ccc","EEEE":"cccc","LLL":"LLL","LLLL":"LLLL","M":"LL","Md":"dd.MM","MEd":"EEE, dd.MM","MMM":"LLL","MMMd":"d MMM","MMMEd":"EEE, d MMM","MMMM":"LLLL","MMMMd":"d MMMM","MMMMEEEEd":"EEEE, d MMMM","QQQ":"QQQ","QQQQ":"QQQQ","y":"y","yM":"MM.y","yMd":"dd.MM.y","yMEd":"EEE, dd.MM.y","yMMM":"LLL y 'р'.","yMMMd":"d MMM y 'р'.","yMMMEd":"EEE, d MMM y 'р'.","yMMMM":"LLLL y 'р'.","yMMMMd":"d MMMM y 'р'.","yMMMMEEEEd":"EEEE, d MMMM y 'р'.","yQQQ":"QQQ y","yQQQQ":"QQQQ y 'р'.","H":"HH","Hm":"HH:mm","Hms":"HH:mm:ss","j":"HH","jm":"HH:mm","jms":"HH:mm:ss","jmv":"HH:mm v","jmz":"HH:mm z","jz":"HH z","m":"m","ms":"mm:ss","s":"s","v":"v","z":"z","zzzz":"zzzz","ZZZZ":"ZZZZ"}