{"d":"d","E":"ccc","EEEE":"cccc","LLL":"LLL","LLLL":"LLLL","M":"LL","Md":"dd/MM","MEd":"EEE, dd/MM","MMM":"LLL","MMMd":"d-MMM","MMMEd":"EEE, d-MMM","MMMM":"LLLL","MMMMd":"d-MMMM","MMMMEEEEd":"EEEE, d-MMMM","QQQ":"QQQ","QQQQ":"QQQQ","y":"y","yM":"MM.y","yMd":"dd/MM/y","yMEd":"EEE, dd/MM/y","yMMM":"MMM, y","yMMMd":"d-MMM, y","yMMMEd":"EEE, d-MMM, y","yMMMM":"MMMM, y","yMMMMd":"d-MMMM, y","yMMMMEEEEd":"EEEE, d-MMMM, y","yQQQ":"y, QQQ","yQQQQ":"y, QQQQ","H":"HH","Hm":"HH:mm","Hms":"HH:mm:ss","j":"HH","jm":"HH:mm","jms":"HH:mm:ss","jmv":"HH:mm (v)","jmz":"HH:mm (z)","jz":"HH z","m":"m","ms":"mm:ss","s":"s","v":"v","z":"z","zzzz":"zzzz","ZZZZ":"ZZZZ"}