{"d":"d","E":"ccc","EEEE":"cccc","LLL":"LLL","LLLL":"LLLL","M":"L","Md":"d/M","MEd":"EEE, d/M","MMM":"LLL","MMMd":"d MMM","MMMEd":"EEE, d MMM","MMMM":"LLLL","MMMMd":"d MMMM","MMMMEEEEd":"EEEE, d MMMM","QQQ":"QQQ","QQQQ":"QQQQ","y":"y","yM":"M/y","yMd":"d/M/y","yMEd":"EEE, d/M/y","yMMM":"MMM y","yMMMd":"d MMM, y","yMMMEd":"EEE, d MMM, y","yMMMM":"MMMM 'năm' y","yMMMMd":"d MMMM, y","yMMMMEEEEd":"EEEE, d MMMM, y","yQQQ":"QQQ y","yQQQQ":"QQQQ 'năm' y","H":"HH 'giờ'","Hm":"H:mm","Hms":"HH:mm:ss","j":"HH 'giờ'","jm":"H:mm","jms":"HH:mm:ss","jmv":"HH:mm v","jmz":"HH:mm z","jz":"HH 'giờ' z","m":"m","ms":"mm:ss","s":"s","v":"v","z":"z","zzzz":"zzzz","ZZZZ":"ZZZZ"}