{"d":"d日","E":"ccc","EEEE":"cccc","LLL":"LLL","LLLL":"LLLL","M":"M月","Md":"M/d","MEd":"M/dEEE","MMM":"LLL","MMMd":"M月d日","MMMEd":"M月d日EEE","MMMM":"LLLL","MMMMd":"M月d日","MMMMEEEEd":"M月d日EEEE","QQQ":"QQQ","QQQQ":"QQQQ","y":"y年","yM":"y/M","yMd":"y/M/d","yMEd":"y/M/dEEE","yMMM":"y年M月","yMMMd":"y年M月d日","yMMMEd":"y年M月d日EEE","yMMMM":"y年M月","yMMMMd":"y年M月d日","yMMMMEEEEd":"y年M月d日EEEE","yQQQ":"y年第Q季度","yQQQQ":"y年第Q季度","H":"H时","Hm":"HH:mm","Hms":"HH:mm:ss","j":"H时","jm":"HH:mm","jms":"HH:mm:ss","jmv":"v HH:mm","jmz":"z HH:mm","jz":"zH时","m":"m","ms":"mm:ss","s":"s","v":"v","z":"z","zzzz":"zzzz","ZZZZ":"ZZZZ"}