{"NAME":"de_AT","ERAS":["v. Chr.","n. Chr."],"ERANAMES":["v. Chr.","n. Chr."],"NARROWMONTHS":["J","F","M","A","M","J","J","A","S","O","N","D"],"STANDALONENARROWMONTHS":["J","F","M","A","M","J","J","A","S","O","N","D"],"MONTHS":["Jänner","Februar","März","April","Mai","Juni","Juli","August","September","Oktober","November","Dezember"],"STANDALONEMONTHS":["Jänner","Februar","März","April","Mai","Juni","Juli","August","September","Oktober","November","Dezember"],"SHORTMONTHS":["Jän.","Feb.","März","Apr.","Mai","Juni","Juli","Aug.","Sep.","Okt.","Nov.","Dez."],"STANDALONESHORTMONTHS":["Jän","Feb","Mär","Apr","Mai","Jun","Jul","Aug","Sep","Okt","Nov","Dez"],"WEEKDAYS":["Sonntag","Montag","Dienstag","Mittwoch","Donnerstag","Freitag","Samstag"],"STANDALONEWEEKDAYS":["Sonntag","Montag","Dienstag","Mittwoch","Donnerstag","Freitag","Samstag"],"SHORTWEEKDAYS":["So.","Mo.","Di.","Mi.","Do.","Fr.","Sa."],"STANDALONESHORTWEEKDAYS":["So","Mo","Di","Mi","Do","Fr","Sa"],"NARROWWEEKDAYS":["S","M","D","M","D","F","S"],"STANDALONENARROWWEEKDAYS":["S","M","D","M","D","F","S"],"SHORTQUARTERS":["Q1","Q2","Q3","Q4"],"QUARTERS":["1. Quartal","2. Quartal","3. Quartal","4. Quartal"],"AMPMS":["AM","PM"],"DATEFORMATS":["EEEE, d. MMMM y","d. MMMM y","dd.MM.y","dd.MM.yy"],"TIMEFORMATS":["HH:mm:ss zzzz","HH:mm:ss z","HH:mm:ss","HH:mm"],"AVAILABLEFORMATS":null,"FIRSTDAYOFWEEK":0,"WEEKENDRANGE":[5,6],"FIRSTWEEKCUTOFFDAY":3,"DATETIMEFORMATS":["{1}, {0}","{1}, {0}","{1}, {0}","{1}, {0}"]}