{"NAME":"es_ES","ERAS":["a. C.","d. C."],"ERANAMES":["antes de Cristo","después de Cristo"],"NARROWMONTHS":["E","F","M","A","M","J","J","A","S","O","N","D"],"STANDALONENARROWMONTHS":["E","F","M","A","M","J","J","A","S","O","N","D"],"MONTHS":["enero","febrero","marzo","abril","mayo","junio","julio","agosto","septiembre","octubre","noviembre","diciembre"],"STANDALONEMONTHS":["enero","febrero","marzo","abril","mayo","junio","julio","agosto","septiembre","octubre","noviembre","diciembre"],"SHORTMONTHS":["ene","feb","mar","abr","may","jun","jul","ago","sept","oct","nov","dic"],"STANDALONESHORTMONTHS":["ene","feb","mar","abr","may","jun","jul","ago","sept","oct","nov","dic"],"WEEKDAYS":["domingo","lunes","martes","miércoles","jueves","viernes","sábado"],"STANDALONEWEEKDAYS":["domingo","lunes","martes","miércoles","jueves","viernes","sábado"],"SHORTWEEKDAYS":["dom","lun","mar","mié","jue","vie","sáb"],"STANDALONESHORTWEEKDAYS":["dom","lun","mar","mié","jue","vie","sáb"],"NARROWWEEKDAYS":["D","L","M","X","J","V","S"],"STANDALONENARROWWEEKDAYS":["D","L","M","X","J","V","S"],"SHORTQUARTERS":["T1","T2","T3","T4"],"QUARTERS":["1.er trimestre","2.º trimestre","3.er trimestre","4.º trimestre"],"AMPMS":["a. m.","p. m."],"DATEFORMATS":["EEEE, d 'de' MMMM 'de' y","d 'de' MMMM 'de' y","d MMM y","d/M/yy"],"TIMEFORMATS":["H:mm:ss (zzzz)","H:mm:ss z","H:mm:ss","H:mm"],"AVAILABLEFORMATS":null,"FIRSTDAYOFWEEK":0,"WEEKENDRANGE":[5,6],"FIRSTWEEKCUTOFFDAY":3,"DATETIMEFORMATS":["{1}, {0}","{1}, {0}","{1}, {0}","{1}, {0}"]}