{"NAME":"is","ERAS":["f.Kr.","e.Kr."],"ERANAMES":["fyrir Krist","eftir Krist"],"NARROWMONTHS":["J","F","M","A","M","J","J","Á","S","O","N","D"],"STANDALONENARROWMONTHS":["J","F","M","A","M","J","J","Á","S","O","N","D"],"MONTHS":["janúar","febrúar","mars","apríl","maí","júní","júlí","ágúst","september","október","nóvember","desember"],"STANDALONEMONTHS":["janúar","febrúar","mars","apríl","maí","júní","júlí","ágúst","september","október","nóvember","desember"],"SHORTMONTHS":["jan.","feb.","mar.","apr.","maí","jún.","júl.","ágú.","sep.","okt.","nóv.","des."],"STANDALONESHORTMONTHS":["jan.","feb.","mar.","apr.","maí","jún.","júl.","ágú.","sep.","okt.","nóv.","des."],"WEEKDAYS":["sunnudagur","mánudagur","þriðjudagur","miðvikudagur","fimmtudagur","föstudagur","laugardagur"],"STANDALONEWEEKDAYS":["sunnudagur","mánudagur","þriðjudagur","miðvikudagur","fimmtudagur","föstudagur","laugardagur"],"SHORTWEEKDAYS":["sun.","mán.","þri.","mið.","fim.","fös.","lau."],"STANDALONESHORTWEEKDAYS":["sun.","mán.","þri.","mið.","fim.","fös.","lau."],"NARROWWEEKDAYS":["S","M","Þ","M","F","F","L"],"STANDALONENARROWWEEKDAYS":["S","M","Þ","M","F","F","L"],"SHORTQUARTERS":["F1","F2","F3","F4"],"QUARTERS":["1. fjórðungur","2. fjórðungur","3. fjórðungur","4. fjórðungur"],"AMPMS":["f.h.","e.h."],"DATEFORMATS":["EEEE, d. MMMM y","d. MMMM y","d. MMM y","d.M.y"],"TIMEFORMATS":["HH:mm:ss zzzz","HH:mm:ss z","HH:mm:ss","HH:mm"],"AVAILABLEFORMATS":null,"FIRSTDAYOFWEEK":0,"WEEKENDRANGE":[5,6],"FIRSTWEEKCUTOFFDAY":3,"DATETIMEFORMATS":["{1}, {0}","{1}, {0}","{1}, {0}","{1}, {0}"]}