{"NAME":"it_CH","ERAS":["a.C.","d.C."],"ERANAMES":["avanti Cristo","dopo Cristo"],"NARROWMONTHS":["G","F","M","A","M","G","L","A","S","O","N","D"],"STANDALONENARROWMONTHS":["G","F","M","A","M","G","L","A","S","O","N","D"],"MONTHS":["gennaio","febbraio","marzo","aprile","maggio","giugno","luglio","agosto","settembre","ottobre","novembre","dicembre"],"STANDALONEMONTHS":["gennaio","febbraio","marzo","aprile","maggio","giugno","luglio","agosto","settembre","ottobre","novembre","dicembre"],"SHORTMONTHS":["gen","feb","mar","apr","mag","giu","lug","ago","set","ott","nov","dic"],"STANDALONESHORTMONTHS":["gen","feb","mar","apr","mag","giu","lug","ago","set","ott","nov","dic"],"WEEKDAYS":["domenica","lunedì","martedì","mercoledì","giovedì","venerdì","sabato"],"STANDALONEWEEKDAYS":["domenica","lunedì","martedì","mercoledì","giovedì","venerdì","sabato"],"SHORTWEEKDAYS":["dom","lun","mar","mer","gio","ven","sab"],"STANDALONESHORTWEEKDAYS":["dom","lun","mar","mer","gio","ven","sab"],"NARROWWEEKDAYS":["D","L","M","M","G","V","S"],"STANDALONENARROWWEEKDAYS":["D","L","M","M","G","V","S"],"SHORTQUARTERS":["T1","T2","T3","T4"],"QUARTERS":["1º trimestre","2º trimestre","3º trimestre","4º trimestre"],"AMPMS":["m.","p."],"DATEFORMATS":["EEEE, d MMMM y","d MMMM y","d MMM y","dd.MM.yy"],"TIMEFORMATS":["HH:mm:ss zzzz","HH:mm:ss z","HH:mm:ss","HH:mm"],"AVAILABLEFORMATS":null,"FIRSTDAYOFWEEK":0,"WEEKENDRANGE":[5,6],"FIRSTWEEKCUTOFFDAY":3,"DATETIMEFORMATS":["{1} {0}","{1} {0}","{1}, {0}","{1}, {0}"]}