{"NAME":"kk","ERAS":["б.з.д.","б.з."],"ERANAMES":["Біздің заманымызға дейін","біздің заманымыз"],"NARROWMONTHS":["Қ","А","Н","С","М","М","Ш","Т","Қ","Қ","Қ","Ж"],"STANDALONENARROWMONTHS":["Қ","А","Н","С","М","М","Ш","Т","Қ","Қ","Қ","Ж"],"MONTHS":["қаңтар","ақпан","наурыз","сәуір","мамыр","маусым","шілде","тамыз","қыркүйек","қазан","қараша","желтоқсан"],"STANDALONEMONTHS":["Қаңтар","Ақпан","Наурыз","Сәуір","Мамыр","Маусым","Шілде","Тамыз","Қыркүйек","Қазан","Қараша","Желтоқсан"],"SHORTMONTHS":["қаң.","ақп.","нау.","сәу.","мам.","мау.","шіл.","там.","қыр.","қаз.","қар.","жел."],"STANDALONESHORTMONTHS":["қаң.","ақп.","нау.","сәу.","мам.","мау.","шіл.","там.","қыр.","қаз.","қар.","жел."],"WEEKDAYS":["жексенбі","дүйсенбі","сейсенбі","сәрсенбі","бейсенбі","жұма","сенбі"],"STANDALONEWEEKDAYS":["жексенбі","дүйсенбі","сейсенбі","сәрсенбі","бейсенбі","жұма","сенбі"],"SHORTWEEKDAYS":["жс","дс","сс","ср","бс","жм","сб"],"STANDALONESHORTWEEKDAYS":["жс","дс","сс","ср","бс","жм","сб"],"NARROWWEEKDAYS":["Ж","Д","С","С","Б","Ж","С"],"STANDALONENARROWWEEKDAYS":["Ж","Д","С","С","Б","Ж","С"],"SHORTQUARTERS":["І тқс.","ІІ тқс.","ІІІ тқс.","IV тқс."],"QUARTERS":["І тоқсан","ІІ тоқсан","ІІІ тоқсан","IV тоқсан"],"AMPMS":["AM","PM"],"DATEFORMATS":["y 'ж'. d MMMM, EEEE","y 'ж'. d MMMM","y 'ж'. dd MMM","dd.MM.yy"],"TIMEFORMATS":["HH:mm:ss zzzz","HH:mm:ss z","HH:mm:ss","HH:mm"],"AVAILABLEFORMATS":null,"FIRSTDAYOFWEEK":0,"WEEKENDRANGE":[5,6],"FIRSTWEEKCUTOFFDAY":6,"DATETIMEFORMATS":["{1}, {0}","{1}, {0}","{1}, {0}","{1}, {0}"]}