{"NAME":"mg","ERAS":["BC","AD"],"ERANAMES":["Alohan’i JK","Aorian’i JK"],"NARROWMONTHS":["J","F","M","A","M","J","J","A","S","O","N","D"],"STANDALONENARROWMONTHS":["J","F","M","A","M","J","J","A","S","O","N","D"],"MONTHS":["Janoary","Febroary","Martsa","Aprily","Mey","Jona","Jolay","Aogositra","Septambra","Oktobra","Novambra","Desambra"],"STANDALONEMONTHS":["Janoary","Febroary","Martsa","Aprily","Mey","Jona","Jolay","Aogositra","Septambra","Oktobra","Novambra","Desambra"],"SHORTMONTHS":["Jan","Feb","Mar","Apr","Mey","Jon","Jol","Aog","Sep","Okt","Nov","Des"],"STANDALONESHORTMONTHS":["Jan","Feb","Mar","Apr","Mey","Jon","Jol","Aog","Sep","Okt","Nov","Des"],"WEEKDAYS":["Alahady","Alatsinainy","Talata","Alarobia","Alakamisy","Zoma","Asabotsy"],"STANDALONEWEEKDAYS":["Alahady","Alatsinainy","Talata","Alarobia","Alakamisy","Zoma","Asabotsy"],"SHORTWEEKDAYS":["Alah","Alats","Tal","Alar","Alak","Zom","Asab"],"STANDALONESHORTWEEKDAYS":["Alah","Alats","Tal","Alar","Alak","Zom","Asab"],"NARROWWEEKDAYS":["A","A","T","A","A","Z","A"],"STANDALONENARROWWEEKDAYS":["A","A","T","A","A","Z","A"],"SHORTQUARTERS":["T1","T2","T3","T4"],"QUARTERS":["Telovolana voalohany","Telovolana faharoa","Telovolana fahatelo","Telovolana fahefatra"],"AMPMS":["AM","PM"],"DATEFORMATS":["EEEE d MMMM y","d MMMM y","y MMM d","y-MM-dd"],"TIMEFORMATS":["HH:mm:ss zzzz","HH:mm:ss z","HH:mm:ss","HH:mm"],"AVAILABLEFORMATS":null,"FIRSTDAYOFWEEK":0,"WEEKENDRANGE":[5,6],"FIRSTWEEKCUTOFFDAY":6,"DATETIMEFORMATS":["{1} {0}","{1} {0}","{1} {0}","{1} {0}"]}