{"NAME":"ms","ERAS":["S.M.","TM"],"ERANAMES":["S.M.","TM"],"NARROWMONTHS":["J","F","M","A","M","J","J","O","S","O","N","D"],"STANDALONENARROWMONTHS":["J","F","M","A","M","J","J","O","S","O","N","D"],"MONTHS":["Januari","Februari","Mac","April","Mei","Jun","Julai","Ogos","September","Oktober","November","Disember"],"STANDALONEMONTHS":["Januari","Februari","Mac","April","Mei","Jun","Julai","Ogos","September","Oktober","November","Disember"],"SHORTMONTHS":["Jan","Feb","Mac","Apr","Mei","Jun","Jul","Ogo","Sep","Okt","Nov","Dis"],"STANDALONESHORTMONTHS":["Jan","Feb","Mac","Apr","Mei","Jun","Jul","Ogo","Sep","Okt","Nov","Dis"],"WEEKDAYS":["Ahad","Isnin","Selasa","Rabu","Khamis","Jumaat","Sabtu"],"STANDALONEWEEKDAYS":["Ahad","Isnin","Selasa","Rabu","Khamis","Jumaat","Sabtu"],"SHORTWEEKDAYS":["Ahd","Isn","Sel","Rab","Kha","Jum","Sab"],"STANDALONESHORTWEEKDAYS":["Ahd","Isn","Sel","Rab","Kha","Jum","Sab"],"NARROWWEEKDAYS":["A","I","S","R","K","J","S"],"STANDALONENARROWWEEKDAYS":["A","I","S","R","K","J","S"],"SHORTQUARTERS":["S1","S2","S3","S4"],"QUARTERS":["Suku pertama","Suku Ke-2","Suku Ke-3","Suku Ke-4"],"AMPMS":["PG","PTG"],"DATEFORMATS":["EEEE, d MMMM y","d MMMM y","d MMM y","d/MM/yy"],"TIMEFORMATS":["h:mm:ss a zzzz","h:mm:ss a z","h:mm:ss a","h:mm a"],"AVAILABLEFORMATS":null,"FIRSTDAYOFWEEK":0,"WEEKENDRANGE":[5,6],"FIRSTWEEKCUTOFFDAY":6,"DATETIMEFORMATS":["{1} {0}","{1} {0}","{1}, {0}","{1}, {0}"]}