{"NAME":"nl","ERAS":["v.Chr.","n.Chr."],"ERANAMES":["voor Christus","na Christus"],"NARROWMONTHS":["J","F","M","A","M","J","J","A","S","O","N","D"],"STANDALONENARROWMONTHS":["J","F","M","A","M","J","J","A","S","O","N","D"],"MONTHS":["januari","februari","maart","april","mei","juni","juli","augustus","september","oktober","november","december"],"STANDALONEMONTHS":["januari","februari","maart","april","mei","juni","juli","augustus","september","oktober","november","december"],"SHORTMONTHS":["jan","feb","mrt","apr","mei","jun","jul","aug","sep","okt","nov","dec"],"STANDALONESHORTMONTHS":["jan","feb","mrt","apr","mei","jun","jul","aug","sep","okt","nov","dec"],"WEEKDAYS":["zondag","maandag","dinsdag","woensdag","donderdag","vrijdag","zaterdag"],"STANDALONEWEEKDAYS":["zondag","maandag","dinsdag","woensdag","donderdag","vrijdag","zaterdag"],"SHORTWEEKDAYS":["zo","ma","di","wo","do","vr","za"],"STANDALONESHORTWEEKDAYS":["zo","ma","di","wo","do","vr","za"],"NARROWWEEKDAYS":["Z","M","D","W","D","V","Z"],"STANDALONENARROWWEEKDAYS":["Z","M","D","W","D","V","Z"],"SHORTQUARTERS":["K1","K2","K3","K4"],"QUARTERS":["1e kwartaal","2e kwartaal","3e kwartaal","4e kwartaal"],"AMPMS":["a.m.","p.m."],"DATEFORMATS":["EEEE d MMMM y","d MMMM y","d MMM y","dd-MM-y"],"TIMEFORMATS":["HH:mm:ss zzzz","HH:mm:ss z","HH:mm:ss","HH:mm"],"AVAILABLEFORMATS":null,"FIRSTDAYOFWEEK":0,"WEEKENDRANGE":[5,6],"FIRSTWEEKCUTOFFDAY":3,"DATETIMEFORMATS":["{1}, {0}","{1}, {0}","{1}, {0}","{1}, {0}"]}