{"NAME":"or","ERAS":["BC","AD"],"ERANAMES":["ଖ୍ରୀଷ୍ଟପୂର୍ବ","ଖ୍ରୀଷ୍ଟାବ୍ଦ"],"NARROWMONTHS":["ଜା","ଫେ","ମା","ଅ","ମଇ","ଜୁ","ଜୁ","ଅ","ସେ","ଅ","ନ","ଡି"],"STANDALONENARROWMONTHS":["ଜା","ଫେ","ମା","ଅ","ମଇ","ଜୁ","ଜୁ","ଅ","ସେ","ଅ","ନ","ଡି"],"MONTHS":["ଜାନୁଆରୀ","ଫେବୃଆରୀ","ମାର୍ଚ୍ଚ","ଅପ୍ରେଲ","ମଇ","ଜୁନ","ଜୁଲାଇ","ଅଗଷ୍ଟ","ସେପ୍ଟେମ୍ବର","ଅକ୍ଟୋବର","ନଭେମ୍ବର","ଡିସେମ୍ବର"],"STANDALONEMONTHS":["ଜାନୁଆରୀ","ଫେବୃଆରୀ","ମାର୍ଚ୍ଚ","ଅପ୍ରେଲ","ମଇ","ଜୁନ","ଜୁଲାଇ","ଅଗଷ୍ଟ","ସେପ୍ଟେମ୍ବର","ଅକ୍ଟୋବର","ନଭେମ୍ବର","ଡିସେମ୍ବର"],"SHORTMONTHS":["ଜାନୁଆରୀ","ଫେବୃଆରୀ","ମାର୍ଚ୍ଚ","ଅପ୍ରେଲ","ମଇ","ଜୁନ","ଜୁଲାଇ","ଅଗଷ୍ଟ","ସେପ୍ଟେମ୍ବର","ଅକ୍ଟୋବର","ନଭେମ୍ବର","ଡିସେମ୍ବର"],"STANDALONESHORTMONTHS":["ଜାନୁଆରୀ","ଫେବୃଆରୀ","ମାର୍ଚ୍ଚ","ଅପ୍ରେଲ","ମଇ","ଜୁନ","ଜୁଲାଇ","ଅଗଷ୍ଟ","ସେପ୍ଟେମ୍ବର","ଅକ୍ଟୋବର","ନଭେମ୍ବର","ଡିସେମ୍ବର"],"WEEKDAYS":["ରବିବାର","ସୋମବାର","ମଙ୍ଗଳବାର","ବୁଧବାର","ଗୁରୁବାର","ଶୁକ୍ରବାର","ଶନିବାର"],"STANDALONEWEEKDAYS":["ରବିବାର","ସୋମବାର","ମଙ୍ଗଳବାର","ବୁଧବାର","ଗୁରୁବାର","ଶୁକ୍ରବାର","ଶନିବାର"],"SHORTWEEKDAYS":["ରବି","ସୋମ","ମଙ୍ଗଳ","ବୁଧ","ଗୁରୁ","ଶୁକ୍ର","ଶନି"],"STANDALONESHORTWEEKDAYS":["ରବି","ସୋମ","ମଙ୍ଗଳ","ବୁଧ","ଗୁରୁ","ଶୁକ୍ର","ଶନି"],"NARROWWEEKDAYS":["ର","ସୋ","ମ","ବୁ","ଗୁ","ଶୁ","ଶ"],"STANDALONENARROWWEEKDAYS":["ର","ସୋ","ମ","ବୁ","ଗୁ","ଶୁ","ଶ"],"SHORTQUARTERS":["Q1","Q2","3ୟ ତ୍ରୟମାସ","4ର୍ଥ ତ୍ରୟମାସ"],"QUARTERS":["1ମ ତ୍ରୟମାସ","2ୟ ତ୍ରୟମାସ","3ୟ ତ୍ରୟମାସ","4ର୍ଥ ତ୍ରୟମାସ"],"AMPMS":["ପୂ","ଅ"],"DATEFORMATS":["EEEE, MMMM d, y","MMMM d, y","MMM d, y","M/d/yy"],"TIMEFORMATS":["h:mm:ss a zzzz","h:mm:ss a z","h:mm:ss a","h:mm a"],"AVAILABLEFORMATS":null,"FIRSTDAYOFWEEK":6,"WEEKENDRANGE":[6,6],"FIRSTWEEKCUTOFFDAY":5,"DATETIMEFORMATS":["{1}, {0}","{1}, {0}","{1}, {0}","{1}, {0}"]}