{"NAME":"pt_PT","ERAS":["a.C.","d.C."],"ERANAMES":["antes de Cristo","depois de Cristo"],"NARROWMONTHS":["J","F","M","A","M","J","J","A","S","O","N","D"],"STANDALONENARROWMONTHS":["J","F","M","A","M","J","J","A","S","O","N","D"],"MONTHS":["janeiro","fevereiro","março","abril","maio","junho","julho","agosto","setembro","outubro","novembro","dezembro"],"STANDALONEMONTHS":["janeiro","fevereiro","março","abril","maio","junho","julho","agosto","setembro","outubro","novembro","dezembro"],"SHORTMONTHS":["jan.","fev.","mar.","abr.","mai.","jun.","jul.","ago.","set.","out.","nov.","dez."],"STANDALONESHORTMONTHS":["jan.","fev.","mar.","abr.","mai.","jun.","jul.","ago.","set.","out.","nov.","dez."],"WEEKDAYS":["domingo","segunda-feira","terça-feira","quarta-feira","quinta-feira","sexta-feira","sábado"],"STANDALONEWEEKDAYS":["domingo","segunda-feira","terça-feira","quarta-feira","quinta-feira","sexta-feira","sábado"],"SHORTWEEKDAYS":["domingo","segunda","terça","quarta","quinta","sexta","sábado"],"STANDALONESHORTWEEKDAYS":["domingo","segunda","terça","quarta","quinta","sexta","sábado"],"NARROWWEEKDAYS":["D","S","T","Q","Q","S","S"],"STANDALONENARROWWEEKDAYS":["D","S","T","Q","Q","S","S"],"SHORTQUARTERS":["T1","T2","T3","T4"],"QUARTERS":["1.º trimestre","2.º trimestre","3.º trimestre","4.º trimestre"],"AMPMS":["a.m.","p.m."],"DATEFORMATS":["EEEE, d 'de' MMMM 'de' y","d 'de' MMMM 'de' y","dd/MM/y","dd/MM/yy"],"TIMEFORMATS":["HH:mm:ss zzzz","HH:mm:ss z","HH:mm:ss","HH:mm"],"AVAILABLEFORMATS":null,"FIRSTDAYOFWEEK":6,"WEEKENDRANGE":[5,6],"FIRSTWEEKCUTOFFDAY":2,"DATETIMEFORMATS":["{1}, {0}","{1}, {0}","{1}, {0}","{1}, {0}"]}