{"NAME":"ru","ERAS":["до н. э.","н. э."],"ERANAMES":["до Рождества Христова","от Рождества Христова"],"NARROWMONTHS":["Я","Ф","М","А","М","И","И","А","С","О","Н","Д"],"STANDALONENARROWMONTHS":["Я","Ф","М","А","М","И","И","А","С","О","Н","Д"],"MONTHS":["января","февраля","марта","апреля","мая","июня","июля","августа","сентября","октября","ноября","декабря"],"STANDALONEMONTHS":["январь","февраль","март","апрель","май","июнь","июль","август","сентябрь","октябрь","ноябрь","декабрь"],"SHORTMONTHS":["янв.","февр.","мар.","апр.","мая","июн.","июл.","авг.","сент.","окт.","нояб.","дек."],"STANDALONESHORTMONTHS":["янв.","февр.","март","апр.","май","июнь","июль","авг.","сент.","окт.","нояб.","дек."],"WEEKDAYS":["воскресенье","понедельник","вторник","среда","четверг","пятница","суббота"],"STANDALONEWEEKDAYS":["воскресенье","понедельник","вторник","среда","четверг","пятница","суббота"],"SHORTWEEKDAYS":["вс","пн","вт","ср","чт","пт","сб"],"STANDALONESHORTWEEKDAYS":["вс","пн","вт","ср","чт","пт","сб"],"NARROWWEEKDAYS":["В","П","В","С","Ч","П","С"],"STANDALONENARROWWEEKDAYS":["В","П","В","С","Ч","П","С"],"SHORTQUARTERS":["1-й кв.","2-й кв.","3-й кв.","4-й кв."],"QUARTERS":["1-й квартал","2-й квартал","3-й квартал","4-й квартал"],"AMPMS":["AM","PM"],"DATEFORMATS":["EEEE, d MMMM y 'г'.","d MMMM y 'г'.","d MMM y 'г'.","dd.MM.y"],"TIMEFORMATS":["HH:mm:ss zzzz","HH:mm:ss z","HH:mm:ss","HH:mm"],"AVAILABLEFORMATS":null,"FIRSTDAYOFWEEK":0,"WEEKENDRANGE":[5,6],"FIRSTWEEKCUTOFFDAY":3,"DATETIMEFORMATS":["{1}, {0}","{1}, {0}","{1}, {0}","{1}, {0}"]}