{"NAME":"sl","ERAS":["pr. Kr.","po Kr."],"ERANAMES":["pred Kristusom","po Kristusu"],"NARROWMONTHS":["j","f","m","a","m","j","j","a","s","o","n","d"],"STANDALONENARROWMONTHS":["j","f","m","a","m","j","j","a","s","o","n","d"],"MONTHS":["januar","februar","marec","april","maj","junij","julij","avgust","september","oktober","november","december"],"STANDALONEMONTHS":["januar","februar","marec","april","maj","junij","julij","avgust","september","oktober","november","december"],"SHORTMONTHS":["jan.","feb.","mar.","apr.","maj","jun.","jul.","avg.","sep.","okt.","nov.","dec."],"STANDALONESHORTMONTHS":["jan.","feb.","mar.","apr.","maj","jun.","jul.","avg.","sep.","okt.","nov.","dec."],"WEEKDAYS":["nedelja","ponedeljek","torek","sreda","četrtek","petek","sobota"],"STANDALONEWEEKDAYS":["nedelja","ponedeljek","torek","sreda","četrtek","petek","sobota"],"SHORTWEEKDAYS":["ned.","pon.","tor.","sre.","čet.","pet.","sob."],"STANDALONESHORTWEEKDAYS":["ned.","pon.","tor.","sre.","čet.","pet.","sob."],"NARROWWEEKDAYS":["n","p","t","s","č","p","s"],"STANDALONENARROWWEEKDAYS":["n","p","t","s","č","p","s"],"SHORTQUARTERS":["1. čet.","2. čet.","3. čet.","4. čet."],"QUARTERS":["1. četrtletje","2. četrtletje","3. četrtletje","4. četrtletje"],"AMPMS":["dop.","pop."],"DATEFORMATS":["EEEE, d. MMMM y","d. MMMM y","d. MMM y","d. M. yy"],"TIMEFORMATS":["HH:mm:ss zzzz","HH:mm:ss z","HH:mm:ss","HH:mm"],"AVAILABLEFORMATS":null,"FIRSTDAYOFWEEK":0,"WEEKENDRANGE":[5,6],"FIRSTWEEKCUTOFFDAY":6,"DATETIMEFORMATS":["{1} {0}","{1} {0}","{1}, {0}","{1}, {0}"]}