{"NAME":"zh_CN","ERAS":["公元前","公元"],"ERANAMES":["公元前","公元"],"NARROWMONTHS":["1","2","3","4","5","6","7","8","9","10","11","12"],"STANDALONENARROWMONTHS":["1","2","3","4","5","6","7","8","9","10","11","12"],"MONTHS":["一月","二月","三月","四月","五月","六月","七月","八月","九月","十月","十一月","十二月"],"STANDALONEMONTHS":["一月","二月","三月","四月","五月","六月","七月","八月","九月","十月","十一月","十二月"],"SHORTMONTHS":["1月","2月","3月","4月","5月","6月","7月","8月","9月","10月","11月","12月"],"STANDALONESHORTMONTHS":["1月","2月","3月","4月","5月","6月","7月","8月","9月","10月","11月","12月"],"WEEKDAYS":["星期日","星期一","星期二","星期三","星期四","星期五","星期六"],"STANDALONEWEEKDAYS":["星期日","星期一","星期二","星期三","星期四","星期五","星期六"],"SHORTWEEKDAYS":["周日","周一","周二","周三","周四","周五","周六"],"STANDALONESHORTWEEKDAYS":["周日","周一","周二","周三","周四","周五","周六"],"NARROWWEEKDAYS":["日","一","二","三","四","五","六"],"STANDALONENARROWWEEKDAYS":["日","一","二","三","四","五","六"],"SHORTQUARTERS":["1季度","2季度","3季度","4季度"],"QUARTERS":["第一季度","第二季度","第三季度","第四季度"],"AMPMS":["上午","下午"],"DATEFORMATS":["y年M月d日EEEE","y年M月d日","y年M月d日","y/M/d"],"TIMEFORMATS":["zzzz HH:mm:ss","z HH:mm:ss","HH:mm:ss","HH:mm"],"AVAILABLEFORMATS":null,"FIRSTDAYOFWEEK":0,"WEEKENDRANGE":[5,6],"FIRSTWEEKCUTOFFDAY":6,"DATETIMEFORMATS":["{1} {0}","{1} {0}","{1} {0}","{1} {0}"]}